also not editable	Sven Trantow	35
also not editable	Adonis Herman	38
also not editable	Elenora Connelly	42
also not editable	Toney Koch	49
not editable	Ollie Olson	31
not editable	Floyd O'Keefe	30
also not editable	Pasquale Breitenberg	30
not editable	Rogers Kutch	18
not editable	Weston Schultz	49
not editable	Trinity Collier	54
not editable	Pascale Lesch	21
not editable	Bonita Bergnaum	43
not editable	Heidi Watsica	43
also not editable	Theresa Ebert	42
not editable	Salvador Cummings	24
also not editable	Antonia Hermiston	55
not editable	Bertrand Gibson	39
also not editable	Verna Harris	32
also not editable	Orlo Hane	56
not editable	Myrtle Mohr	40
not editable	Tara Streich	30
also not editable	Edd Wilkinson	43
also not editable	Bridie Rolfson	40
also not editable	Leone Reichert	31
not editable	Maxie Rice	34
not editable	Tabitha Rempel	56
also not editable	Felicity Zboncak	58
not editable	Hollis Mann	27
also not editable	Pascale Baumbach	46
also not editable	Ulices Wyman	55
also not editable	Marco Farrell	59
also not editable	Shania Pouros	40
also not editable	Harmony Rogahn	39
also not editable	Jefferey Quigley	25
also not editable	Tillman Wolf	56
also not editable	Francesco Lemke	60
also not editable	Kristy Breitenberg	45
not editable	Gideon Hansen	36
not editable	Anna Gaylord	57
not editable	Jeramy Turner	38
not editable	Blair Lind	39
not editable	Abby Hane	41
also not editable	Graham Quitzon	23
also not editable	Jermaine Robel	29
not editable	Lionel Schumm	42
not editable	Rolando Simonis	58
also not editable	Albin Graham	44
also not editable	Crystal Howell	46
also not editable	Malvina Hackett	60
also not editable	Rudy Terry	30
